type,n_cells,sign
AN00A006,2,-1.0
AN05B103,2,1.0
AN07B004,1,-1.0
AN08B020,1,1.0
AN08B027,1,1.0
AN08B032,1,1.0
AN09A005,3,0.0
AN27X013,3,0.0
ANXXX152,1,1.0
ANXXX380,1,1.0
AOTU019,1,-1.0
AOTU042,1,-1.0
AOTU046,4,-1.0
AOTU100m,1,1.0
ATL011,1,-1.0
ATL012,1,1.0
ATL018,1,1.0
ATL021,1,-1.0
ATL028,1,1.0
ATL032,1,0.0
ATL035,1,-1.0
ATL036,1,-1.0
ATL042,1,0.0
AVLP025,1,1.0
AVLP036,1,1.0
AVLP069_b,1,-1.0
AVLP095,1,-1.0
AVLP096,1,-1.0
AVLP110_a,1,1.0
AVLP115,1,1.0
AVLP121,2,1.0
AVLP161,1,1.0
AVLP176_b,1,1.0
AVLP178,2,1.0
AVLP190,1,1.0
AVLP192_b,2,1.0
AVLP193,1,1.0
AVLP210,1,1.0
AVLP256,1,-1.0
AVLP306,2,1.0
AVLP314,1,1.0
AVLP397,1,1.0
AVLP444,1,1.0
AVLP462,1,-1.0
AVLP476,1,0.0
AVLP477,2,1.0
AVLP488,1,1.0
AVLP520,1,1.0
AVLP562,2,1.0
AVLP700m,1,1.0
AVLP704m,1,1.0
AVLP705m,1,1.0
AVLP709m,2,1.0
AVLP710m,1,-1.0
AVLP714m,1,1.0
AVLP715m,1,1.0
AVLP716m,1,1.0
AVLP727m,2,1.0
AVLP728m,3,1.0
AVLP729m,1,1.0
AVLP730m,1,1.0
AVLP731m,1,1.0
AVLP733m,1,1.0
AVLP734m,5,-1.0
AVLP737m,1,1.0
AVLP738m,1,1.0
AVLP746m,1,1.0
AVLP751m,1,1.0
AVLP760m,2,-1.0
AstA1,1,-1.0
CB0244,1,1.0
CB1017,1,1.0
CB1062,4,-1.0
CB1187,1,1.0
CB1189,1,1.0
CB1287,2,-1.0
CB1301,1,1.0
CB1541,1,1.0
CB1672,1,1.0
CB2286,1,1.0
CB2672,1,1.0
CB3019,1,1.0
CB3302,3,1.0
CB3394,1,-1.0
CB3433,1,1.0
CB3439,2,-1.0
CB3666,1,-1.0
CB3683,1,1.0
CL007,1,1.0
CL062_a1,2,1.0
CL062_a2,2,1.0
CL062_b1,2,1.0
CL062_b2,1,1.0
CL062_b3,2,1.0
CL109,1,1.0
CL111,1,1.0
CL122_a,2,-1.0
CL199,2,1.0
CL208,3,1.0
CL248,2,-1.0
CL251,1,1.0
CL308,1,1.0
CL310,1,1.0
CL311,1,1.0
CL326,1,1.0
CL335,1,1.0
CL336,1,1.0
CL344_a,2,0.0
CL366,1,-1.0
CRE004,1,1.0
CRE005,3,1.0
CRE006,2,-1.0
CRE011,1,1.0
CRE012,2,-1.0
CRE021,2,-1.0
CRE030_b,1,-1.0
CRE044,1,-1.0
CRE065,1,1.0
CRE081,1,1.0
CRE100,1,-1.0
DNa01,1,1.0
DNa14,1,1.0
DNae001,1,1.0
DNc01,2,0.0
DNc02,2,0.0
DNd05,1,1.0
DNde002,1,1.0
DNg101,1,1.0
DNp101,1,1.0
DNp23,1,1.0
DNp36,1,-1.0
DNp46,1,1.0
DNp52,1,1.0
DNp60,1,1.0
DNp62,2,0.0
DNp64,1,1.0
DNp67,1,1.0
DNpe025,1,1.0
DNpe027,1,1.0
DNpe037,1,1.0
DNpe043,1,1.0
DNpe050,2,1.0
DNpe053,1,1.0
DPM,1,0.0
Delta7,42,-1.0
EA27X006,1,0.0
EL,18,0.0
EPG,46,1.0
EPGt,4,1.0
ER1_a,11,-1.0
ER1_b,13,-1.0
ER1_c,4,-1.0
ER2_a,12,-1.0
ER2_b,4,-1.0
ER2_c,20,-1.0
ER2_d,5,-1.0
ER3a_a,15,-1.0
ER3a_b,6,-1.0
ER3a_c,4,-1.0
ER3a_d,5,-1.0
ER3d_a,7,-1.0
ER3d_b,20,-1.0
ER3d_c,9,-1.0
ER3d_d,11,-1.0
ER3d_e,7,-1.0
ER3m,18,-1.0
ER3p_a,14,-1.0
ER3p_b,4,-1.0
ER3w_a,7,-1.0
ER3w_b,18,-1.0
ER3w_c,6,-1.0
ER4d,26,-1.0
ER4m,11,-1.0
ER5,21,-1.0
ER6,4,-1.0
ExR1,4,1.0
ExR2,4,0.0
ExR3,2,0.0
ExR4,2,-1.0
ExR5,4,-1.0
ExR6,2,-1.0
ExR7,4,1.0
ExR8,4,1.0
FB,1,0.0
FB1A,4,-1.0
FB1B,4,-1.0
FB1C,4,0.0
FB1D,5,-1.0
FB1E_a,5,-1.0
FB1E_b,2,-1.0
FB1F,2,-1.0
FB1G,2,1.0
FB1H,2,0.0
FB1I,2,-1.0
FB1J,2,-1.0
FB2A,4,0.0
FB2B_a,4,0.0
FB2B_b,4,-1.0
FB2C,5,-1.0
FB2D,6,-1.0
FB2E,4,-1.0
FB2F_a,6,-1.0
FB2F_b,3,-1.0
FB2F_c,4,-1.0
FB2F_d,4,-1.0
FB2G_a,2,-1.0
FB2G_b,6,-1.0
FB2H_a,2,-1.0
FB2H_b,2,-1.0
FB2I_a,10,-1.0
FB2I_b,2,-1.0
FB2J_a,2,-1.0
FB2J_b,2,-1.0
FB2J_c,2,-1.0
FB2K,9,-1.0
FB2L,4,-1.0
FB2M_a,4,-1.0
FB2M_b,2,-1.0
FB3A,4,-1.0
FB3C,13,0.0
FB3D,1,-1.0
FB3E,2,-1.0
FB4A_a,6,-1.0
FB4A_b,2,-1.0
FB4B,2,-1.0
FB4C,2,-1.0
FB4D_a,2,-1.0
FB4D_b,2,-1.0
FB4D_c,2,-1.0
FB4E_a,5,-1.0
FB4E_b,4,-1.0
FB4E_c,2,-1.0
FB4F_a,4,-1.0
FB4F_b,2,-1.0
FB4F_c,6,-1.0
FB4G,2,-1.0
FB4H,2,-1.0
FB4I,2,-1.0
FB4J,2,-1.0
FB4K,4,-1.0
FB4L,4,0.0
FB4M,4,0.0
FB4N,2,-1.0
FB4O,6,-1.0
FB4P_a,4,-1.0
FB4P_b,3,-1.0
FB4P_c,2,-1.0
FB4Q_a,2,-1.0
FB4Q_b,2,-1.0
FB4Q_c,3,-1.0
FB4R,6,-1.0
FB4X,2,-1.0
FB4Y,4,0.0
FB4Z_a,8,-1.0
FB4Z_b,3,-1.0
FB4Z_c,4,-1.0
FB5A,4,-1.0
FB5AA,2,-1.0
FB5AB,2,1.0
FB5B,6,-1.0
FB5C,3,-1.0
FB5D,3,-1.0
FB5E,2,-1.0
FB5F,2,-1.0
FB5G_a,4,-1.0
FB5G_b,2,-1.0
FB5G_c,2,-1.0
FB5H,2,0.0
FB5I,2,-1.0
FB5J,2,-1.0
FB5K,2,-1.0
FB5L,2,-1.0
FB5M,2,-1.0
FB5N,4,-1.0
FB5O,2,-1.0
FB5P,4,-1.0
FB5Q,4,-1.0
FB5R,4,-1.0
FB5S,9,-1.0
FB5T,2,-1.0
FB5U,4,-1.0
FB5V_a,6,-1.0
FB5V_b,6,-1.0
FB5V_c,5,-1.0
FB5W_a,6,-1.0
FB5W_b,3,-1.0
FB5X,6,-1.0
FB5Y_a,2,-1.0
FB5Y_b,2,-1.0
FB5Z,4,-1.0
FB6A_a,2,-1.0
FB6A_b,2,-1.0
FB6A_c,2,-1.0
FB6B,2,-1.0
FB6C_a,2,-1.0
FB6C_b,6,-1.0
FB6D,2,-1.0
FB6E,2,-1.0
FB6F,2,-1.0
FB6G,2,-1.0
FB6H,2,0.0
FB6I,2,-1.0
FB6J,5,-1.0
FB6K,4,-1.0
FB6L,3,0.0
FB6M,4,-1.0
FB6N,2,-1.0
FB6O,2,-1.0
FB6P,2,-1.0
FB6Q,2,-1.0
FB6R,4,-1.0
FB6S,8,-1.0
FB6T,4,-1.0
FB6U,4,-1.0
FB6V,2,-1.0
FB6W,2,-1.0
FB6X,2,-1.0
FB6Y,2,-1.0
FB6Z,2,-1.0
FB7A,6,-1.0
FB7B,2,0.0
FB7C,5,-1.0
FB7D_a,4,-1.0
FB7D_b,4,-1.0
FB7E,6,-1.0
FB7F,4,-1.0
FB7G,4,-1.0
FB7H,2,-1.0
FB7I,5,-1.0
FB7J,4,-1.0
FB7K,4,-1.0
FB7L,6,-1.0
FB7M,2,-1.0
FB8A,2,-1.0
FB8B,4,-1.0
FB8C,4,-1.0
FB8D,2,-1.0
FB8E,5,-1.0
FB8F_a,7,-1.0
FB8F_b,9,-1.0
FB8G,6,-1.0
FB8H,6,-1.0
FB8I,6,-1.0
FB9A,6,-1.0
FB9B_a,4,-1.0
FB9B_b,4,-1.0
FB9B_c,4,-1.0
FB9B_d,4,-1.0
FB9B_e,4,0.0
FB9C,8,-1.0
FC,3,1.0
FC1A,17,1.0
FC1B,22,1.0
FC1C_a,12,1.0
FC1C_b,17,1.0
FC1D,25,1.0
FC1E,22,1.0
FC1F,15,1.0
FC2A,18,1.0
FC2B,27,1.0
FC2C,47,1.0
FC3_a,17,1.0
FC3_b,20,1.0
FC3_c,15,1.0
FR1,18,0.0
FR2,18,1.0
FS1A_a,16,1.0
FS1A_b,13,1.0
FS1A_c,18,1.0
FS1B_a,13,1.0
FS1B_b,16,1.0
FS2,42,1.0
FS3,2,1.0
FS3_a,15,1.0
FS3_b,14,1.0
FS3_c,14,1.0
FS3_d,31,1.0
FS4A,57,1.0
FS4B,29,1.0
FS4C,28,1.0
GLNO,4,0.0
GNG011,1,-1.0
GNG304,2,-1.0
GNG305,1,-1.0
GNG525,1,1.0
GNG587,1,1.0
GNG667,2,1.0
IB005,1,-1.0
IB020,1,1.0
IB023,1,1.0
IB032,1,-1.0
IB049,1,1.0
IB110,1,-1.0
IB115,1,1.0
ICL002m,1,1.0
ICL003m,1,-1.0
ICL008m,2,-1.0
ICL010m,1,1.0
ICL012m,1,1.0
ICL013m_b,1,-1.0
IPC,2,0.0
IbSpsP,31,1.0
KCab-c,11,0.0
KCab-m,4,0.0
KCab-s,9,0.0
LAL007,1,1.0
LAL008,2,-1.0
LAL013,1,1.0
LAL029_b,1,1.0
LAL040,1,-1.0
LAL042,1,-1.0
LAL045,1,-1.0
LAL073,2,-1.0
LAL101,1,-1.0
LAL102,1,-1.0
LAL119,1,1.0
LAL135,1,1.0
LAL154,1,1.0
LAL155,1,1.0
LAL159,1,1.0
LAL162,1,1.0
LAL171,1,1.0
LAL192,1,1.0
LAL200,1,1.0
LAL205,1,-1.0
LAL208,1,-1.0
LCNOp,2,-1.0
LCNOpm,2,-1.0
LHPV6f1,3,1.0
LNO1,4,0.0
LNO2,2,-1.0
LNOa,2,-1.0
LPsP,2,1.0
LT66,2,1.0
MBON02,2,-1.0
MBON20,2,-1.0
MBON25,2,-1.0
MBON25-like,4,-1.0
MBON26,1,1.0
MBON34,2,-1.0
MBON35,2,1.0
OA-AL2i1,2,0.0
OA-ASM2,1,0.0
OA-VPM3,2,0.0
OA-VPM4,1,0.0
OA-VUMa8,1,0.0
P6-8P9,4,-1.0
PAL01,1,0.0
PAM03,1,0.0
PAM04,5,0.0
PAM09,2,0.0
PEG,18,1.0
PEN_a(PEN1),20,1.0
PEN_b(PEN2),22,1.0
PFGs,18,0.0
PFL1,14,1.0
PFL2,12,1.0
PFL3,24,1.0
PFNa,58,1.0
PFNd,40,1.0
PFNm_a,21,1.0
PFNm_b,26,1.0
PFNp_a,64,1.0
PFNp_b,136,0.0
PFNp_c,40,1.0
PFNp_d,28,0.0
PFNp_e,23,1.0
PFNv,20,1.0
PFR_a,28,0.0
PFR_b,16,1.0
PLP124,2,1.0
PLP262,1,1.0
PPL102,1,0.0
PPL103,1,0.0
PPL108,1,0.0
PPM1201,1,0.0
PPM1204,1,-1.0
PVLP016,1,-1.0
PVLP093,1,-1.0
PVLP130,1,-1.0
PVLP138,1,1.0
PVLP200m_b,1,1.0
PVLP203m,4,1.0
SA1_a,3,-1.0
SA1_b,5,-1.0
SA1_c,1,-1.0
SA2_a,3,-1.0
SA2_b,4,-1.0
SA2_c,2,-1.0
SA3,8,-1.0
SAD047,1,-1.0
SAD075,4,-1.0
SAF,8,-1.0
SCL001m,3,1.0
SIP064,1,1.0
SIP087,1,0.0
SIP091,1,1.0
SIP104m,4,-1.0
SIP110m_a,1,1.0
SIP118m,3,-1.0
SIP119m,7,-1.0
SIP122m,1,-1.0
SIP124m,3,-1.0
SIP133m,2,-1.0
SIP136m,2,1.0
SIP141m,1,-1.0
SIP143m,1,-1.0
SIP145m,2,-1.0
SIP146m,3,-1.0
SLP215,1,1.0
SMP016_b,1,1.0
SMP018,1,1.0
SMP028,1,-1.0
SMP052,3,1.0
SMP092,1,-1.0
SMP108,1,1.0
SMP109,1,1.0
SMP122,1,-1.0
SMP185,1,1.0
SMP285,1,-1.0
SMP377,1,1.0
SMP446,1,-1.0
SMP471,1,1.0
SMP492,1,1.0
SMP493,1,1.0
SMP543,1,-1.0
SMP586,1,1.0
SMP593,1,-1.0
SMP597,1,1.0
SMP709m,1,1.0
SMP713m,2,1.0
SMP714m,2,1.0
SMP715m,2,1.0
SMP723m,1,-1.0
SpsP,4,-1.0
TuBu04,2,1.0
TuBu05,1,1.0
TuBu07,1,1.0
TuBu09,6,1.0
TuBu10,1,1.0
VES020,3,-1.0
VES022,1,-1.0
VES024_a,1,-1.0
VES053,1,1.0
VES087,1,-1.0
VES092,2,-1.0
VES095,2,-1.0
VES096,1,-1.0
VES097,1,-1.0
VES101,1,-1.0
VES109,1,-1.0
VES202m,1,-1.0
VES203m,1,1.0
VES204m,1,1.0
VM3_adPN,1,1.0
WED014,1,-1.0
WED076,1,-1.0
WED210,1,1.0
aIPg1,1,1.0
aSP10A_a,1,1.0
aSP10A_b,2,1.0
aSP10B,1,1.0
aSP22,1,1.0
hDeltaA,12,1.0
hDeltaB,19,1.0
hDeltaC,20,1.0
hDeltaD,8,1.0
hDeltaE,8,1.0
hDeltaF,8,1.0
hDeltaG,8,1.0
hDeltaH,8,1.0
hDeltaI,17,1.0
hDeltaJ,31,1.0
hDeltaK,31,0.0
hDeltaL,11,1.0
hDeltaM,8,1.0
pC1_13b,1,1.0
pC1_14a,1,1.0
pC1_2b,1,1.0
pC1_6a,1,1.0
pC1_7a,2,1.0
pC1x_b,1,1.0
pIP10,1,1.0
vDeltaA_a,70,1.0
vDeltaA_b,31,1.0
vDeltaB,31,1.0
vDeltaC,27,1.0
vDeltaD,21,1.0
vDeltaE,18,1.0
vDeltaF,18,1.0
vDeltaG,18,1.0
vDeltaH,9,1.0
vDeltaI_a,17,1.0
vDeltaI_b,20,1.0
vDeltaJ,11,1.0
vDeltaK,47,1.0
vDeltaL,37,0.0
vDeltaM,55,0.0
